{"stats":{"minecraft:custom":{"minecraft:jump":50,"minecraft:time_since_rest":30590,"minecraft:damage_dealt":82,"minecraft:crouch_one_cm":32,"minecraft:leave_game":2,"minecraft:play_time":30590,"minecraft:sprint_one_cm":2846,"minecraft:time_since_death":30590,"minecraft:walk_on_water_one_cm":269,"minecraft:walk_one_cm":2205,"minecraft:sneak_time":270,"minecraft:total_world_time":30590,"minecraft:walk_under_water_one_cm":984,"minecraft:swim_one_cm":2738,"minecraft:fall_one_cm":1370,"minecraft:fly_one_cm":899596}},"DataVersion":3465}